{"_runtime":81,"Mean Reward_agent 2":-1.0965095174826567,"_wandb":{"runtime":81},"Mean Reward_agent 4":-1.1931308373570526,"Mean Reward_agent 8":-1.4784515094483512,"_timestamp":1.758214551301816e+09,"Mean Reward_agent 6":-1.5564200317639967,"Mean Reward_agent 1":-0.8374151535648257,"_step":0,"Mean Reward_agent 5":-1.2645767854606949,"Mean Reward_agent 7":-1.549163273026615,"Mean Reward_agent 3":-1.042465030183298,"Mean Reward_agent 0":-2.6747168295023256}