{"_step":10,"Mean Reward_agent 6":-0.6256178781929036,"Mean Reward_agent 5":-0.7132607036074611,"Mean Reward_agent 3":-0.4896350266471484,"episodes":10,"_timestamp":1.7582614645515764e+09,"Mean Reward_agent 8":-0.6919280084909584,"Mean Reward_agent 0":-1.0524966955827406,"_runtime":19842,"Mean Reward_agent 7":-1.1115819315875521,"lr":0.001,"Mean Reward_agent 2":-1.002135934486923,"beta":0,"_wandb":{"runtime":19842},"Mean Reward_agent 4":-0.8205997084004492,"Mean Reward_agent 1":-0.7108335408158031}