{"Mean Reward_agent 2":-14.357434325331507,"Mean Reward_agent 5":-21.961404870283268,"Mean Reward_agent 0":-17.7128067023334,"Mean Reward_agent 1":-15.061435634574664,"_timestamp":1.7580366509095643e+09,"Mean Reward_agent 3":-27.75713971242794,"beta":0,"_wandb":{"runtime":2956},"Mean Reward_agent 7":-22.13584194463941,"Mean Reward_agent 6":-13.517785780802338,"Mean Reward_agent 8":-13.529807891243642,"episodes":10,"lr":0.001,"Mean Reward_agent 4":-13.656108448089983,"_step":10,"_runtime":2956}