{"Mean Reward_agent 7":-87.87656889399973,"_wandb":{"runtime":6804},"Mean Reward_agent 3":-150.51142781840755,"Mean Reward_agent 6":-23.227122007426363,"Mean Reward_agent 8":-26.71674658133265,"Mean Reward_agent 0":-66.57584413917978,"episodes":10,"_step":10,"beta":0.5,"_runtime":6804,"Mean Reward_agent 1":-38.442376838135765,"_timestamp":1.7582318970355656e+09,"Mean Reward_agent 2":-27.364498068722,"Mean Reward_agent 4":-24.135753400263862,"lr":0.001,"Mean Reward_agent 5":-98.15721691036602}