{"Mean Reward_agent 7":-1.445269828840268,"Mean Reward_agent 0":-3.054137496816679,"Mean Reward_agent 2":-1.1958817223846552,"Mean Reward_agent 4":-1.6340797796975797,"Mean Reward_agent 3":-1.2072805957129153,"Mean Reward_agent 6":-1.2035155319890778,"Mean Reward_agent 8":-1.5690456245127127,"_timestamp":1.7582098853321807e+09,"_runtime":194,"Mean Reward_agent 1":-1.4013034067847447,"_wandb":{"runtime":194},"_step":0,"Mean Reward_agent 5":-1.5116501037911343}