{"Mean Reward_agent 3":-1.1937127164633967,"_timestamp":1.7582148944493535e+09,"Mean Reward_agent 5":-1.5393017468770933,"_runtime":838,"Mean Reward_agent 8":-1.5856064017135074,"Mean Reward_agent 6":-1.2077907692555785,"_wandb":{"runtime":838},"Mean Reward_agent 2":-1.2181696455178639,"_step":0,"Mean Reward_agent 4":-1.6660300019331287,"Mean Reward_agent 7":-1.429705856826713,"Mean Reward_agent 0":-3.1445130644965302,"Mean Reward_agent 1":-1.3955482272619273}