{"Mean Reward_agent 7":-3047.076030594883,"Mean Reward_agent 0":-2451.3160766444535,"Mean Reward_agent 4":-1074.1632083173008,"Mean Reward_agent 6":-2400.3822159594097,"Mean Reward_agent 2":-1914.4747869318132,"Mean Reward_agent 8":-1488.3360422102362,"Mean Reward_agent 1":-1849.6627281622673,"_wandb":{"runtime":43},"_runtime":43,"Mean Reward_agent 3":-6740.115629293315,"_timestamp":1.7582416079241774e+09,"_step":0,"Mean Reward_agent 5":-3703.216731219724}