{"_step":0,"Mean Reward_agent 0":-1.5131832173350623,"Mean Reward_agent 2":-1.948165840650643,"Mean Reward_agent 8":-1.1179802786760933,"Mean Reward_agent 4":-1.3979183352333449,"Mean Reward_agent 1":-1.0222314587264465,"_timestamp":1.7582137008486745e+09,"Mean Reward_agent 3":-0.9600345354750027,"_runtime":647,"Mean Reward_agent 7":-1.567690976596177,"Mean Reward_agent 5":-1.2502869129399814,"_wandb":{"runtime":647},"Mean Reward_agent 6":-1.025040201946409}