{"Mean Reward_agent 8":-1.5553332958144823,"Mean Reward_agent 6":-1.18877607021195,"Mean Reward_agent 2":-1.1702503871077403,"Mean Reward_agent 7":-1.405140880961598,"_step":0,"_wandb":{"runtime":94},"_runtime":94,"Mean Reward_agent 3":-1.2099105133794117,"Mean Reward_agent 1":-1.3435861185333449,"Mean Reward_agent 0":-3.0787805640220163,"Mean Reward_agent 4":-1.6327597695837752,"_timestamp":1.7582147730074985e+09,"Mean Reward_agent 5":-1.5196545657878529}