{"_step":0,"Mean Reward_agent 5":-33.68117605583754,"_timestamp":1.7582141881114452e+09,"Mean Reward_agent 1":-15.368839972965004,"Mean Reward_agent 3":-64.03868874715545,"Mean Reward_agent 0":-21.385470862534348,"Mean Reward_agent 6":-24.191139275882094,"Mean Reward_agent 7":-32.58698755607408,"_runtime":58,"_wandb":{"runtime":58},"Mean Reward_agent 2":-20.05575026455267,"Mean Reward_agent 4":-12.46811922978569,"Mean Reward_agent 8":-13.271641070465332}