{"Mean Reward_agent 7":-1.1426382650236422,"Mean Reward_agent 3":-0.8422793982648272,"Mean Reward_agent 4":-1.0925519403426194,"_step":2,"_runtime":2974,"Mean Reward_agent 5":-1.1872161843414102,"Mean Reward_agent 6":-0.9316981937209818,"_wandb":{"runtime":2974},"Mean Reward_agent 1":-0.3701712870882626,"_timestamp":1.7582275270095606e+09,"Mean Reward_agent 0":-2.7464071089454487,"Mean Reward_agent 2":-1.048663430086376,"Mean Reward_agent 8":-0.9761910037630178}