{"Mean Reward_agent 5":-3667.1624755354633,"_step":0,"Mean Reward_agent 6":-2309.235992907623,"Mean Reward_agent 0":-2004.695627022862,"Mean Reward_agent 4":-1070.520975600533,"Mean Reward_agent 2":-1693.7749773610335,"Mean Reward_agent 7":-3316.87863538097,"Mean Reward_agent 1":-1626.3684624564942,"_wandb":{"runtime":183},"_runtime":183,"Mean Reward_agent 3":-7309.196892532981,"Mean Reward_agent 8":-1240.7980797857533,"_timestamp":1.7582146616223767e+09}