{"Mean Reward_agent 8":-14.457579661099093,"_step":0,"Mean Reward_agent 4":-10.384347677645458,"Mean Reward_agent 1":-16.328067391845405,"Mean Reward_agent 5":-35.4553617590123,"_runtime":201,"Mean Reward_agent 2":-18.24007219497457,"_wandb":{"runtime":201},"_timestamp":1.7582143008405898e+09,"Mean Reward_agent 0":-21.854775532274974,"Mean Reward_agent 7":-30.406887516853963,"Mean Reward_agent 3":-65.0554341756267,"Mean Reward_agent 6":-19.15266187070497}