{"Mean Reward_agent 6":-1.2143699464715345,"Mean Reward_agent 0":-3.1599872328571643,"_step":0,"Mean Reward_agent 5":-1.5268022259684784,"_runtime":164,"Mean Reward_agent 3":-1.2167637116434917,"_timestamp":1.7582099179350011e+09,"Mean Reward_agent 7":-1.4686216731150892,"Mean Reward_agent 2":-1.2015725246594258,"Mean Reward_agent 8":-1.593336930325503,"_wandb":{"runtime":164},"Mean Reward_agent 1":-1.4441923581936158,"Mean Reward_agent 4":-1.6311654490023892}