{"Mean Reward_agent 5":-1.1610943559522102,"Mean Reward_agent 2":-0.9816194828875453,"Mean Reward_agent 0":-2.6789874245950385,"_step":10,"lr":0.001,"Mean Reward_agent 6":-0.8522368241728234,"episodes":10,"_timestamp":1.7582235840090237e+09,"Mean Reward_agent 1":-0.4380653187692727,"Mean Reward_agent 7":-1.017587267113085,"beta":0,"Mean Reward_agent 8":-0.9740129357672637,"Mean Reward_agent 3":-0.8362583753980024,"_wandb":{"runtime":7911},"Mean Reward_agent 4":-1.111145521658266,"_runtime":7911}