{"Mean Reward_agent 7":-156.48200582853403,"Mean Reward_agent 3":-305.29198982525173,"beta":0,"_runtime":7739,"Mean Reward_agent 6":-44.03241535852532,"lr":0.001,"Mean Reward_agent 4":-48.79402946463441,"Mean Reward_agent 5":-196.99789831675972,"Mean Reward_agent 8":-51.192165037349625,"_wandb":{"runtime":7739},"Mean Reward_agent 1":-71.07775677161915,"Mean Reward_agent 0":-117.84544892414529,"_timestamp":1.7582225379796188e+09,"_step":10,"Mean Reward_agent 2":-61.9403120428353,"episodes":10}