{"Mean Reward_agent 4":-1100.5835599614213,"Mean Reward_agent 1":-1315.2855932782666,"_runtime":181,"Mean Reward_agent 3":-6726.491077600437,"_wandb":{"runtime":181},"Mean Reward_agent 0":-2272.7291199506353,"Mean Reward_agent 6":-2596.0368959476423,"Mean Reward_agent 8":-1323.7690445191188,"Mean Reward_agent 2":-2316.9573423965394,"_timestamp":1.7582146567208219e+09,"_step":0,"Mean Reward_agent 5":-3493.537721620181,"Mean Reward_agent 7":-3181.096554102781}