{"_step":10,"Mean Reward_agent 4":-1.1227933101927607,"Mean Reward_agent 5":-1.142912906661008,"Mean Reward_agent 7":-1.022115917836252,"Mean Reward_agent 1":-0.3753962858628938,"_timestamp":1.7582234191329436e+09,"_wandb":{"runtime":7743},"lr":0.001,"Mean Reward_agent 2":-0.9802077008489003,"episodes":10,"beta":0,"Mean Reward_agent 0":-2.6447508946201523,"_runtime":7743,"Mean Reward_agent 8":-0.9782853080849708,"Mean Reward_agent 3":-0.8179428419186,"Mean Reward_agent 6":-0.8544806884864939}