{"_wandb":{"runtime":136},"Mean Reward_agent 0":-2.581484114157971,"Mean Reward_agent 3":-1.0198908765723875,"Mean Reward_agent 5":-1.2354188856716697,"Mean Reward_agent 1":-0.8268406146953351,"_timestamp":1.7582143802110739e+09,"Mean Reward_agent 4":-1.1389414497517742,"Mean Reward_agent 2":-1.0649761259853736,"Mean Reward_agent 6":-1.5016283900729577,"Mean Reward_agent 8":-1.4506685923116596,"_runtime":136,"Mean Reward_agent 7":-1.5116491882190088,"_step":0}