{"_runtime":7569,"Mean Reward_agent 0":-112.84061484610574,"_step":10,"Mean Reward_agent 6":-28.94655731840718,"beta":0.5,"_timestamp":1.7582326564635093e+09,"Mean Reward_agent 2":-36.829687284105546,"episodes":10,"Mean Reward_agent 4":-35.580656323153846,"Mean Reward_agent 3":-200.73296124082617,"lr":0.001,"Mean Reward_agent 5":-153.93427639261745,"Mean Reward_agent 7":-81.6380326582337,"_wandb":{"runtime":7569},"Mean Reward_agent 1":-54.39509837735795,"Mean Reward_agent 8":-38.710653078210505}