{"Mean Reward_agent 1":-93.49972018561242,"Mean Reward_agent 6":-64.29229661487591,"beta":0,"Mean Reward_agent 5":-407.7705952145236,"lr":0.001,"Mean Reward_agent 2":-83.34199799246568,"Mean Reward_agent 4":-64.54834166547197,"Mean Reward_agent 0":-261.845079647214,"_step":10,"_timestamp":1.758223738565072e+09,"Mean Reward_agent 8":-72.55443581871569,"episodes":10,"_runtime":8936,"Mean Reward_agent 3":-418.3515245406442,"Mean Reward_agent 7":-195.53143669682464,"_wandb":{"runtime":8936}}