{"Mean Reward_agent 0":-1.1385203522004406,"Mean Reward_agent 2":-1.346589655989732,"_wandb":{"runtime":30396},"Mean Reward_agent 5":-0.7335161729424321,"Mean Reward_agent 4":-1.1909358484336332,"beta":0,"_step":10,"_runtime":30396,"lr":0.001,"Mean Reward_agent 8":-0.8161063651257662,"Mean Reward_agent 6":-0.653480827756568,"_timestamp":1.758272033874305e+09,"Mean Reward_agent 1":-0.8260473999115787,"Mean Reward_agent 7":-1.2807092752841318,"episodes":10,"Mean Reward_agent 3":-0.5734611346032755}