{"Mean Reward_agent 1":-0.32018865313334327,"_runtime":4043,"Mean Reward_agent 8":-0.8139780583857495,"Mean Reward_agent 7":-0.9009989940189602,"Mean Reward_agent 5":-0.889129182261639,"_timestamp":1.758272538230925e+09,"lr":0.001,"Mean Reward_agent 2":-0.7276709886923204,"Mean Reward_agent 6":-0.6787121084121073,"Mean Reward_agent 0":-2.2540401297625317,"_wandb":{"runtime":4043},"beta":1,"episodes":10,"Mean Reward_agent 3":-0.6989167707924302,"Mean Reward_agent 4":-0.8368480387810872,"_step":10}