{"Mean Reward_agent 6":-0.9812678793397598,"Mean Reward_agent 5":-1.175303992219921,"_wandb":{"runtime":2980},"Mean Reward_agent 4":-1.1789396640469858,"Mean Reward_agent 1":-0.38313220226748634,"Mean Reward_agent 7":-1.1479126236239803,"_timestamp":1.758227227682739e+09,"_step":2,"_runtime":2980,"Mean Reward_agent 2":-1.0451825110700539,"Mean Reward_agent 0":-2.709615020780833,"Mean Reward_agent 8":-0.9906279281042466,"Mean Reward_agent 3":-0.8819301528693209}