{"_timestamp":1.7582148974112635e+09,"_step":0,"Mean Reward_agent 1":-1.3895758584262063,"Mean Reward_agent 7":-1.4563236301501619,"Mean Reward_agent 8":-1.5307741366467196,"Mean Reward_agent 3":-1.2048959557849457,"_wandb":{"runtime":838},"Mean Reward_agent 6":-1.1701625711378587,"Mean Reward_agent 0":-3.0741496598335485,"Mean Reward_agent 4":-1.628475728669125,"Mean Reward_agent 5":-1.5087415445257544,"Mean Reward_agent 2":-1.1565404570590039,"_runtime":838}