{"Mean Reward_agent 2":-18.394066798828376,"Mean Reward_agent 3":-66.17038130200012,"_step":0,"Mean Reward_agent 0":-19.374440796134564,"Mean Reward_agent 7":-29.728230036521662,"_runtime":222,"Mean Reward_agent 5":-32.69923088455049,"Mean Reward_agent 6":-22.276433109149185,"_wandb":{"runtime":222},"Mean Reward_agent 8":-11.796928177264695,"Mean Reward_agent 1":-14.393889063523938,"_timestamp":1.7582142706422164e+09,"Mean Reward_agent 4":-11.083056711227723}